Product URL,Product Name,Price,Image URL
https://jp.mercari.com/item/m12469531851,"ウクレレスクリーンミュージックの画像 2,500円","2,500",https://static.mercdn.net/c!/w=240/thumb/photos/m12469531851_1.jpg?1727213463
https://jp.mercari.com/item/m88489670670,ギターストラップ　未使用の画像 990円,990,https://static.mercdn.net/c!/w=240/thumb/photos/m88489670670_1.jpg?1726901998
https://jp.mercari.com/item/m80540187330,"⭕️ ギター　ベース　楽器　美品　中古の画像 75,800円","75,800",https://static.mercdn.net/c!/w=240/thumb/photos/m80540187330_1.jpg?1718630155
https://jp.mercari.com/item/m49547603870,"ヤマハ YAMAHA トロンボーン ユーフォ 太管マウスピース 48 新品未使用の画像 3,100円","3,100",https://static.mercdn.net/c!/w=240/thumb/photos/m49547603870_1.jpg?1726909902
https://jp.mercari.com/item/m60448919150,"YAMAHA ヤマハ ビンテージ クラシックギター G-70Dの画像 8,299円","8,299",https://static.mercdn.net/c!/w=240/thumb/photos/m60448919150_1.jpg?1725078564
https://jp.mercari.com/item/m72597746275,"ウクレレ マホガニー単板製 23インチ クリップチューナー付き 収納ケース付きの画像 6,450円","6,450",https://static.mercdn.net/c!/w=240/thumb/photos/m72597746275_1.jpg?1727096994
https://jp.mercari.com/item/m32022707397,"コンデンサーマイク RGB光り マイクロホンキット A6T 録音 実況の画像 7,999円","7,999",https://static.mercdn.net/c!/w=240/thumb/photos/m32022707397_1.jpg?1727078944
https://jp.mercari.com/item/m23646393469,"BOSS HM-2 Heavy Metal ギターエフェクター 取扱説明書付きの画像 16,500円","16,500",https://static.mercdn.net/c!/w=240/thumb/photos/m23646393469_1.jpg?1726992570
https://jp.mercari.com/item/m24601063343,"M104 Suzuki 鈴木 ヴァイオリン No.220 1/4 Nagoyaの画像 19,880円","19,880",https://static.mercdn.net/c!/w=240/thumb/photos/m24601063343_1.jpg?1725029589
https://jp.mercari.com/item/m44557552303,"赤 レザー コントラバス弓ホルダー 弓ホルスターの画像 7,000円","7,000",https://static.mercdn.net/c!/w=240/thumb/photos/m44557552303_1.jpg?1727209480
https://jp.mercari.com/item/m44952659887,"Roland ローランド キーボード　電子ピアノ　スタンドの画像 8,000円","8,000",https://static.mercdn.net/c!/w=240/thumb/photos/m44952659887_1.jpg?1726412479
https://jp.mercari.com/item/m86216636995,"Morris W-50 縦口ゴ　 日本製　ハカランダ ジャパンヴィンテージの画像 44,400円","44,400",https://static.mercdn.net/c!/w=240/thumb/photos/m86216636995_1.jpg?1724748340
https://jp.mercari.com/item/m52182338619,"値下不可！　アルトホルン　コルネット　フリューゲルホルン　フレンチホルンの画像 2,500円","2,500",https://static.mercdn.net/c!/w=240/thumb/photos/m52182338619_1.jpg?1727203369
https://jp.mercari.com/item/m40461202513,"ANNNWZZD マイクケーブル　5m XLRオス　XLRメスの画像 1,780円","1,780",https://static.mercdn.net/c!/w=240/thumb/photos/m40461202513_1.jpg?1727014148
https://jp.mercari.com/item/m12337039384,"スズキバイオリン no.200 4/4 セットの画像 18,000円","18,000",https://static.mercdn.net/c!/w=240/thumb/photos/m12337039384_1.jpg?1727091474
https://jp.mercari.com/item/m47880167806,"Alesis Vortex Wireless ショルダーキーボード［黒］の画像 18,700円","18,700",https://static.mercdn.net/c!/w=240/thumb/photos/m47880167806_1.jpg?1727167086
https://jp.mercari.com/item/m86480534442,"FALNOW コンデンサーマイク ブラック ボリューム調整付きの画像 3,000円","3,000",https://static.mercdn.net/c!/w=240/thumb/photos/m86480534442_1.jpg?1727212748
https://jp.mercari.com/item/m93043183631,"Aria W20D  と Fender ケースの画像 9,500円","9,500",https://static.mercdn.net/c!/w=240/thumb/photos/m93043183631_1.jpg?1727013708
https://jp.mercari.com/item/m21515193241,"ヤマハ　トランペット　YTR4325GS　管楽器　マウスピース　ハードケースの画像 76,500円","76,500",https://static.mercdn.net/c!/w=240/thumb/photos/m21515193241_1.jpg?1723967053
https://jp.mercari.com/item/m73068827158,"値下げ　ロートタム　6 8 10 インチ　タムホルダーアダプター付きの画像 41,000円","41,000",https://static.mercdn.net/c!/w=240/thumb/photos/m73068827158_1.jpg?1717281512
https://jp.mercari.com/item/m49835421586,"YAMAHA トランペット YTR-136 ハードケース付き#1143の画像 17,600円","17,600",https://static.mercdn.net/c!/w=240/thumb/photos/m49835421586_1.jpg?1725532545
https://jp.mercari.com/item/m87956470396,"YAMAHA MOTIF ES7 + 純正音源2枚 + 純正ハードケースの画像 387,900円","387,900",https://static.mercdn.net/c!/w=240/thumb/photos/m87956470396_1.jpg?1723453839
https://jp.mercari.com/item/m48291461765,"まらしぃ Vocaloid Instrumental on Pianoの画像 1,500円","1,500",https://static.mercdn.net/c!/w=240/thumb/photos/m48291461765_1.jpg?1727206209
https://jp.mercari.com/item/m96540366173,"Pedal pawn FUZZの画像 40,000円","40,000",https://static.mercdn.net/c!/w=240/thumb/photos/m96540366173_1.jpg?1723950182
https://jp.mercari.com/item/m61553147087,"【最終値下げ】ルシュタット バイオリン V-12 4/4サイズ 大人用  稽古事の画像 10,900円","10,900",https://static.mercdn.net/c!/w=240/thumb/photos/m61553147087_1.jpg?1722017760
https://jp.mercari.com/item/m54306351079,"Jose Ramirez  1a プリメーラ  ハカランダ 1972年製の画像 580,400円","580,400",https://static.mercdn.net/c!/w=240/thumb/photos/m54306351079_1.jpg?1697166696
https://jp.mercari.com/shops/product/MCBjLMbhp9RHFYTCqAn4Hg,"Jockomo ジャズベース ブロック(Aged ホワイト・パール) ギターに貼る インレイステッカーの画像 1,800円","1,800",https://assets.mercari-shops-static.com/-/small/plain/oVWBX5vsxLA3QhFxWnjyiM.jpg@webp
https://jp.mercari.com/item/m95236557470,"Aria Pro II アリアプロ2 TS-600 セイモアダンカン ギターの画像 49,899円","49,899",https://static.mercdn.net/c!/w=240/thumb/photos/m95236557470_1.jpg?1723708572
https://jp.mercari.com/item/m92773565470,"3.1mm 1.0mm DC変換アダプタ  プラグ 5個セットの画像 1,048円","1,048",https://static.mercdn.net/c!/w=240/thumb/photos/m92773565470_1.jpg?1722171020
https://jp.mercari.com/item/m50826329820,"DEVIALET MANIA
STATION
デビアレ マニア 専用充電台の画像 5,000円","5,000",https://static.mercdn.net/c!/w=240/thumb/photos/m50826329820_1.jpg?1727170003
https://jp.mercari.com/item/m87034130319,"YAMAHA G-300 クラシックギター　ガットギター　ビンテージの画像 12,400円","12,400",https://static.mercdn.net/c!/w=240/thumb/photos/m87034130319_1.jpg?1726745683
https://jp.mercari.com/item/m94912048651,"ESP Custom MX-250 MX-II  METALLICA メタリカの画像 1,672,880円","1,672,880",https://static.mercdn.net/c!/w=240/thumb/photos/m94912048651_1.jpg?1724829982
https://jp.mercari.com/item/m65489285212,"おまけ付き TC HELICON VoiceLive Playの画像 49,900円","49,900",https://static.mercdn.net/c!/w=240/thumb/photos/m65489285212_1.jpg?1727066108
https://jp.mercari.com/item/m86485086617,"美品　MOLLENHAUER SOLIST モーレンハウエル　テナーリコーダの画像 46,000円","46,000",https://static.mercdn.net/c!/w=240/thumb/photos/m86485086617_1.jpg?1709200438
https://jp.mercari.com/item/m81643821732,"ぼざろ きらら 描き下ろし ピックの画像 5,699円","5,699",https://static.mercdn.net/c!/w=240/thumb/photos/m81643821732_1.jpg?1722242365
https://jp.mercari.com/item/m29084547319,"BOSS Bass Equalizer GEB-7 ベースエフェクターの画像 8,800円","8,800",https://static.mercdn.net/c!/w=240/thumb/photos/m29084547319_1.jpg?1727215331
https://jp.mercari.com/item/m27191620031,"legend lmb-30 エレアコ アコースティックギター　アコギ✨の画像 22,299円","22,299",https://static.mercdn.net/c!/w=240/thumb/photos/m27191620031_1.jpg?1725004213
https://jp.mercari.com/item/m49004065252,"KORG KM202　DJミキサー　KAOSS PADの画像 22,700円","22,700",https://static.mercdn.net/c!/w=240/thumb/photos/m49004065252_1.jpg?1725138085
https://jp.mercari.com/item/m10006673236,"Hercules サックススタンド DS530B/DS532B/DS533Bの画像 4,700円","4,700",https://static.mercdn.net/c!/w=240/thumb/photos/m10006673236_1.jpg?1726286494
https://jp.mercari.com/item/m15731665922,"KORG TONEWORKS PANDRA PXR4の画像 5,400円","5,400",https://static.mercdn.net/c!/w=240/thumb/photos/m15731665922_1.jpg?1722667431
https://jp.mercari.com/item/m50044371693,"録音用マイク反射フィルター - マイクスタジオ機器の画像 5,580円","5,580",https://static.mercdn.net/c!/w=240/thumb/photos/m50044371693_1.jpg?1727213648
https://jp.mercari.com/item/m51055510653,《新品》ドレミシール 、かいめいシール/メロディオン 、鍵盤ハーモニカの画像 300円,300,https://static.mercdn.net/c!/w=240/thumb/photos/m51055510653_1.jpg?1727213064
https://jp.mercari.com/item/m25137149057,"YAMAHA コルネット YCR-2310 ハードケース付き #1129Aの画像 23,600円","23,600",https://static.mercdn.net/c!/w=240/thumb/photos/m25137149057_1.jpg?1725530876
https://jp.mercari.com/item/m18442856222,"ARANJUEZ アランフェス 710 クラシックギターの画像 63,500円","63,500",https://static.mercdn.net/c!/w=240/thumb/photos/m18442856222_1.jpg?1720315010
https://jp.mercari.com/item/m75822738880,"マーシャル　Marshall MG10 ギターアンプの画像 7,600円","7,600",https://static.mercdn.net/c!/w=240/thumb/photos/m75822738880_1.jpg?1725148348
https://jp.mercari.com/item/m80542560594,"REMO レモ ジャンベ シグネチャーシリーズ パウロマッティオリの画像 30,700円","30,700",https://static.mercdn.net/c!/w=240/thumb/photos/m80542560594_1.jpg?1725432739
https://jp.mercari.com/item/m21467592820,"juan hernandez maestro(ホアン•エルナンデス)の画像 326,033円","326,033",https://static.mercdn.net/c!/w=240/thumb/photos/m21467592820_1.jpg?1719827904
https://jp.mercari.com/item/m46757175341,20%引‼️クリーニングクロス  ピアノクリーニングクロス  楽器クロスの画像 841円,841,https://static.mercdn.net/c!/w=240/thumb/photos/m46757175341_1.jpg?1721991932
https://jp.mercari.com/item/m87383974359,"どんぐり カラクリオルゴール　葉っぱのお皿付き (18弁)の画像 6,300円","6,300",https://static.mercdn.net/c!/w=240/thumb/photos/m87383974359_1.jpg?1723968169
https://jp.mercari.com/item/m34052580824,"ima30206様ご専用　
Yamaha デジタルピアノ 88鍵 黒　P85の画像 22,500円","22,500",https://static.mercdn.net/c!/w=240/thumb/photos/m34052580824_1.jpg?1727213078
https://jp.mercari.com/item/m64108027241,"Takamine★エレアコPT406M★送料無料オールマホガニー国産ビンテージの画像 41,100円","41,100",https://static.mercdn.net/c!/w=240/thumb/photos/m64108027241_1.jpg?1726094015
https://jp.mercari.com/item/m60607613205,"Mm様専用 NUX Mighty Air ギターアンプ ベースアンプ ワイヤレスの画像 16,000円","16,000",https://static.mercdn.net/c!/w=240/thumb/photos/m60607613205_1.jpg?1727086367
https://jp.mercari.com/item/m40119504067,"テレキャスター用ブリッジの画像 1,980円","1,980",https://static.mercdn.net/c!/w=240/thumb/photos/m40119504067_1.jpg?1666344793
https://jp.mercari.com/item/m92750359546,ACアダプター JH35P1200150Dの画像 880円,880,https://static.mercdn.net/c!/w=240/thumb/photos/m92750359546_1.jpg?1700145410
https://jp.mercari.com/item/m59185794662,"Roland GC-405 ギターアンプ　ローランドの画像 8,000円","8,000",https://static.mercdn.net/c!/w=240/thumb/photos/m59185794662_1.jpg?1724980654
https://jp.mercari.com/item/m95257554691,"YAMAHA ヤマハ YTR-236 トランペット ゴールド 管楽器 吹奏楽の画像 12,400円","12,400",https://static.mercdn.net/c!/w=240/thumb/photos/m95257554691_1.jpg?1721624824
https://jp.mercari.com/item/m77125610396,"人工皮張り三線　楽器の画像 29,999円","29,999",https://static.mercdn.net/c!/w=240/thumb/photos/m77125610396_1.jpg?1726401843
https://jp.mercari.com/item/m91307516663,"washburn N4 walnut.カスタム！ヌーノ nuno ウォールナットの画像 502,100円","502,100",https://static.mercdn.net/c!/w=240/thumb/photos/m91307516663_1.jpg?1708368504
https://jp.mercari.com/item/m25470753682,"FRESHER バイオリンベースの画像 16,400円","16,400",https://static.mercdn.net/c!/w=240/thumb/photos/m25470753682_1.jpg?1725416604
https://jp.mercari.com/item/m70642691725,"【美品】LANIKAI（ラニカイ） コンサートサイズウクレレ S-Cの画像 15,100円","15,100",https://static.mercdn.net/c!/w=240/thumb/photos/m70642691725_1.jpg?1724678765
https://jp.mercari.com/item/m88143402306,"boss ML-2 metal coreの画像 6,200円","6,200",https://static.mercdn.net/c!/w=240/thumb/photos/m88143402306_1.jpg?1725796853
https://jp.mercari.com/item/m37550490650,"【美品】RODE XCM-50 USBコンデンサーマイクの画像 12,000円","12,000",https://static.mercdn.net/c!/w=240/thumb/photos/m37550490650_1.jpg?1726991772
https://jp.mercari.com/item/m67228772938,"【behringer】HENYX X2222USB卓上アナログミキサーの画像 20,980円","20,980",https://static.mercdn.net/c!/w=240/thumb/photos/m67228772938_1.jpg?1722993513
https://jp.mercari.com/item/m44575720593,Dance!Dance!!Dance!!!  ダンスダンスダンスの画像 648円,648,https://static.mercdn.net/c!/w=240/thumb/photos/m44575720593_1.jpg?1709367684
https://jp.mercari.com/shops/product/dYrxzafj8DKHGqGYDt3J5a,"K&M フリューゲルホルン用スタンド 15240 5本脚 カラー:ブラックの画像 8,400円","8,400",https://assets.mercari-shops-static.com/-/small/plain/RCMruXK9NfLtzHwzJkAhCH.jpg@webp
https://jp.mercari.com/item/m23628900390,"ギター　Takamine  Cooderエレアコの画像 12,100円","12,100",https://static.mercdn.net/c!/w=240/thumb/photos/m23628900390_1.jpg?1726979194
https://jp.mercari.com/item/m89065853177,"セルマーバリトンサックスマウスピース  s80 Eの画像 21,599円","21,599",https://static.mercdn.net/c!/w=240/thumb/photos/m89065853177_1.jpg?1727072556
https://jp.mercari.com/item/m21219581571,"audio-technica AT9941 コンデンサーマイクの画像 4,000円","4,000",https://static.mercdn.net/c!/w=240/thumb/photos/m21219581571_1.jpg?1726402605
https://jp.mercari.com/item/m10639042612,"Roland　電子ピアノ　HP337の画像 13,500円","13,500",https://static.mercdn.net/c!/w=240/thumb/photos/m10639042612_1.jpg?1721515756
https://jp.mercari.com/item/m49143996176,"0227【送料無料  2SET】 シュアラスター ゼロフィニッシュ 300mlの画像 4,980円","4,980",https://static.mercdn.net/c!/w=240/thumb/photos/m49143996176_1.jpg?1709087684
https://jp.mercari.com/item/m55324237566,"CE1&2激似良個体　ARION SCH-Z USA MODの画像 9,769円","9,769",https://static.mercdn.net/c!/w=240/thumb/photos/m55324237566_1.jpg?1726369923
https://jp.mercari.com/item/m40761112843,ピックアップ用マウントスクリュー3本の画像 480円,480,https://static.mercdn.net/c!/w=240/thumb/photos/m40761112843_1.jpg?1726999821
https://jp.mercari.com/item/m73153252908,"SUZUKI、リコーダーSRG-60Ⅰの画像 2,799円","2,799",https://static.mercdn.net/c!/w=240/thumb/photos/m73153252908_1.jpg?1713411973
https://jp.mercari.com/item/m51082108487,"YAMAHA フルート YFL-23 Eメカ付き ヤマハ 純正ケース付属の画像 13,680円","13,680",https://static.mercdn.net/c!/w=240/thumb/photos/m51082108487_1.jpg?1726908998
https://jp.mercari.com/item/m58237097373,"Emanuel Wilfer （・バイオリン ・ヴァイオリン ・violin）の画像 169,500円","169,500",https://static.mercdn.net/c!/w=240/thumb/photos/m58237097373_1.jpg?1726744545
https://jp.mercari.com/item/m37867437457,"ima30206様ご専用
YAMAHA 電子ピアノスタンドの画像 5,000円","5,000",https://static.mercdn.net/c!/w=240/thumb/photos/m37867437457_1.jpg?1727213299
https://jp.mercari.com/item/m70139403949,"Fender Bassman BMH B210CE ギター　ベース　アンプの画像 47,100円","47,100",https://static.mercdn.net/c!/w=240/thumb/photos/m70139403949_1.jpg?1726429752
https://jp.mercari.com/item/m88600278930,"bosphorus black pearl hihat 14' pairの画像 50,100円","50,100",https://static.mercdn.net/c!/w=240/thumb/photos/m88600278930_1.jpg?1719489909
https://jp.mercari.com/item/m97630098490,"GoogleChromecast グーグル クロームキャスト 第三世代 正規品gの画像 4,700円","4,700",https://static.mercdn.net/c!/w=240/thumb/photos/m97630098490_1.jpg?1727100888
https://jp.mercari.com/item/m21994105069,"Photogenic ST-180 ストラトキャスター　レッドの画像 10,200円","10,200",https://static.mercdn.net/c!/w=240/thumb/photos/m21994105069_1.jpg?1723235566
https://jp.mercari.com/item/m27845194031,"電子ピアノ88鍵盤 ポータブルスタンド ペダル付きピアノセットの画像 26,500円","26,500",https://static.mercdn.net/c!/w=240/thumb/photos/m27845194031_1.jpg?1724507630
https://jp.mercari.com/item/m70416988787,"ウクレレ　バンジョー最終価格の画像 34,500円","34,500",https://static.mercdn.net/c!/w=240/thumb/photos/m70416988787_1.jpg?1691062886
https://jp.mercari.com/item/m93599391791,"TRAYNOR 25wマイクロプリアンプ　中古の画像 10,800円","10,800",https://static.mercdn.net/c!/w=240/thumb/photos/m93599391791_1.jpg?1724467905
https://jp.mercari.com/item/m47148924938,"カリンバ 猫 17キー Kalimba  木製 親指ピアノの画像 1,880円","1,880",https://static.mercdn.net/c!/w=240/thumb/photos/m47148924938_1.jpg?1727010586
https://jp.mercari.com/item/m98557885512,"SEYMOUR DUNCAN  （ダンカン） STK-S2n  ピックアップの画像 12,350円","12,350",https://static.mercdn.net/c!/w=240/thumb/photos/m98557885512_1.jpg?1725086674
https://jp.mercari.com/item/m66194517803,"CCシャイニーアルトサックス ケース ネイビーの画像 5,300円","5,300",https://static.mercdn.net/c!/w=240/thumb/photos/m66194517803_1.jpg?1727160654
https://jp.mercari.com/item/m25308928506,"Epiphone エピフォン SG エレキベース EB-3  ロングスケールの画像 36,880円","36,880",https://static.mercdn.net/c!/w=240/thumb/photos/m25308928506_1.jpg?1726216631
https://jp.mercari.com/item/m14699271892,"【ゲーミングマイク】AMPLIGAME A6T USB　ゲーミングマイクの画像 3,500円","3,500",https://static.mercdn.net/c!/w=240/thumb/photos/m14699271892_1.jpg?1726895039
https://jp.mercari.com/item/m36064204163,"テナーサックス　マウスピース　ゴッツ　gottsuの画像 17,800円","17,800",https://static.mercdn.net/c!/w=240/thumb/photos/m36064204163_1.jpg?1726667136
https://jp.mercari.com/item/m80089265323,"Sterling by MUSIC MAN STINGRAYの画像 70,000円","70,000",https://static.mercdn.net/c!/w=240/thumb/photos/m80089265323_1.jpg?1727204791
https://jp.mercari.com/item/m24774961643,"FERNANDES Yellow Heart ミニエレキギター YH-Jr.の画像 59,200円","59,200",https://static.mercdn.net/c!/w=240/thumb/photos/m24774961643_1.jpg?1723091522
https://jp.mercari.com/item/m34843368769,"三味線 撥 バチの画像 3,200円","3,200",https://static.mercdn.net/c!/w=240/thumb/photos/m34843368769_1.jpg?1727176359
https://jp.mercari.com/item/m49004065252,"KORG KM202　DJミキサー　KAOSS PADの画像 22,700円","22,700",https://static.mercdn.net/c!/w=240/thumb/photos/m49004065252_1.jpg?1725138085
https://jp.mercari.com/item/m12469531851,"ウクレレスクリーンミュージックの画像 2,500円","2,500",https://static.mercdn.net/c!/w=240/thumb/photos/m12469531851_1.jpg?1727213463
https://jp.mercari.com/item/m79923131834,"【初心者・学生向け】YAMAHA コルネット YCR-2310 #1134Bの画像 23,500円","23,500",https://static.mercdn.net/c!/w=240/thumb/photos/m79923131834_1.jpg?1725531169
https://jp.mercari.com/item/m75013566411,"ウチダ ミュージックベル ハンドベルの画像 17,480円","17,480",https://static.mercdn.net/c!/w=240/thumb/photos/m75013566411_1.jpg?1721820802
https://jp.mercari.com/item/m69367672493,"JUPITER JPT-416 ポケット トランペットの画像 18,500円","18,500",https://static.mercdn.net/c!/w=240/thumb/photos/m69367672493_1.jpg?1727015604
https://jp.mercari.com/item/m68875255110,"ピアノチェアの画像 2,500円","2,500",https://static.mercdn.net/c!/w=240/thumb/photos/m68875255110_1.jpg?1725811055
https://jp.mercari.com/item/m12086542751,"互換 CASIO ACアダプタ AD-E24250LW 24V キーボード等の画像 2,980円","2,980",https://static.mercdn.net/c!/w=240/thumb/photos/m12086542751_1.jpg?1727208100
https://jp.mercari.com/item/m29084547319,"BOSS Bass Equalizer GEB-7 ベースエフェクターの画像 8,800円","8,800",https://static.mercdn.net/c!/w=240/thumb/photos/m29084547319_1.jpg?1727215331
